anger,disgust,fear,happiness,sadness,surprise,neutral,AU01,AU02,AU04,AU05,AU06,AU07,AU09,AU10,AU11,AU12,AU14,AU15,AU17,AU20,AU23,AU24,AU25,AU26,AU28,AU43,img_name,level
0.020035258,0.01128929,0.100841194,0.28840694,0.069911845,0.008591867,0.50092363,0.55085397,0.3103104,0.20636204,0.39513692,0.22600447,0.0,0.21517439,0.9353635,0.0,0.2726548,0.24307945,0.58522415,0.31283388,1.0,0.39334238,0.05660903,0.9996182,0.3966727,0.13953331,0.20669098,./image/P27/P27_1660567239351.png,0
